id,student_id,roll_no,first_name,last_name,email,branch,year,batch_id,batch_code,phone,address,date_of_birth,admission_year,current_semester,cgpa
fabf1f3c-8d99-41df-9a66-64c286cc8aaf,BITC20250001,2025CSE001,Bakhshi,Majumdar,student1@bitc.edu.in,CSE,1,187bc5d1-10f9-4a48-a3ca-2573725ceb3c,CSE-1-A,01516251076,"H.No. 52, Cheema Marg
Dindigul 313630",2005-07-25,2025,1,8.97
041b4706-b759-47cc-9a56-4d315ef2de53,BITC20250002,2025CSE002,Priya,Pradhan,student2@bitc.edu.in,CSE,1,187bc5d1-10f9-4a48-a3ca-2573725ceb3c,CSE-1-A,+911258296085,"H.No. 968, Chatterjee Circle, Eluru-597078",2002-10-19,2025,1,8.92
2544c083-b50d-47fb-b5a7-5e6520085761,BITC20250003,2025CSE003,Chandani,Shanker,student3@bitc.edu.in,CSE,1,187bc5d1-10f9-4a48-a3ca-2573725ceb3c,CSE-1-A,3250195087,"20/028, Tailor Chowk
Hospet 939870",2001-12-10,2025,1,7.7
2f64d8d3-859e-4692-9099-17fc4616f981,BITC20250004,2025CSE004,Lila,Kari,student4@bitc.edu.in,CSE,1,187bc5d1-10f9-4a48-a3ca-2573725ceb3c,CSE-1-A,4190423784,"H.No. 92, Hari Zila, Ambarnath 577611",2006-06-12,2025,1,6.7
4985e1bc-1309-4309-a2b1-eb10ddaddd6f,BITC20250005,2025CSE005,Fariq,Dasgupta,student5@bitc.edu.in,CSE,1,187bc5d1-10f9-4a48-a3ca-2573725ceb3c,CSE-1-A,+911473634603,"83/336
Chakraborty
Nandyal 458342",2007-06-17,2025,1,9.24
bd8cc81f-4ba7-410a-8360-9dde4fe80310,BITC20250006,2025CSE006,Anthony,Chandran,student6@bitc.edu.in,CSE,1,187bc5d1-10f9-4a48-a3ca-2573725ceb3c,CSE-1-A,4815316467,"H.No. 51, Sawhney Ganj
Sagar 905596",2006-03-29,2025,1,8.2
138cb3ca-7da1-4c26-bc37-38f06ecaef3c,BITC20250007,2025CSE007,Nisha,Ray,student7@bitc.edu.in,CSE,1,187bc5d1-10f9-4a48-a3ca-2573725ceb3c,CSE-1-A,2166555051,"811
Bajwa Path
Jalandhar 234368",2003-12-08,2025,1,8.65
b7605b88-dcb2-49a7-b212-acb22ed8ada2,BITC20250008,2025CSE008,Abhimanyu,Garg,student8@bitc.edu.in,CSE,1,aaa340e2-20c6-4205-88a6-a535fcfcfcb0,CSE-1-B,1831547120,"537
Nagi Nagar, Erode-188772",2002-10-23,2025,1,7.14
67d852de-86de-40f1-a123-d491e951b7ed,BITC20250009,2025CSE009,Laksh,Bassi,student9@bitc.edu.in,CSE,1,aaa340e2-20c6-4205-88a6-a535fcfcfcb0,CSE-1-B,8918204702,"347
Kala Path
Thane-935341",2006-04-28,2025,1,8.0
8ac92c6a-1c2f-4ec6-b277-fcf6e27e3bea,BITC20250010,2025CSE010,Prisha,Bhattacharyya,student10@bitc.edu.in,CSE,1,aaa340e2-20c6-4205-88a6-a535fcfcfcb0,CSE-1-B,05873611455,"12/690
Kunda Circle, Ajmer-533674",2005-08-28,2025,1,9.15
98a4b431-efa0-44f8-af8b-9ef690ba992c,BITC20250011,2025CSE011,Madhav,Sur,student11@bitc.edu.in,CSE,1,aaa340e2-20c6-4205-88a6-a535fcfcfcb0,CSE-1-B,6048132623,"H.No. 78
Thaker Ganj
Orai-526809",2005-05-29,2025,1,8.43
d870118d-a065-44e5-bbd5-b2480603eabd,BITC20250012,2025CSE012,Charles,Rau,student12@bitc.edu.in,CSE,1,aaa340e2-20c6-4205-88a6-a535fcfcfcb0,CSE-1-B,4967041722,"26/268
Dhar Nagar
Warangal-795233",2004-05-18,2025,1,6.93
4fb4967a-832a-4a7d-a00c-620669514c8e,BITC20250013,2025CSE013,Nirja,Nazareth,student13@bitc.edu.in,CSE,1,aaa340e2-20c6-4205-88a6-a535fcfcfcb0,CSE-1-B,2174942892,"20/738
Tank Zila
Tirupati 046846",2007-07-19,2025,1,6.92
b1e0d208-2f23-4999-a0a3-ba79886cdaeb,BITC20250014,2025CSE014,Chavvi,Bir,student14@bitc.edu.in,CSE,1,aaa340e2-20c6-4205-88a6-a535fcfcfcb0,CSE-1-B,+913524152153,"86/513, Kurian, Nashik-614528",2006-12-10,2025,1,8.73
90929fd3-9b4f-408e-9d27-dcdea997fa4a,BITC20240015,2024CSE015,Manbir,Nagar,student15@bitc.edu.in,CSE,2,8fe958eb-8377-4fd7-ac0e-65ab86352d4d,CSE-2-A,5284778080,"06/863, Peri Zila
Thiruvananthapuram 226180",2004-07-01,2024,3,8.12
db4d22b6-4a7e-4628-a65e-33224acf37da,BITC20240016,2024CSE016,Chakradev,Majumdar,student16@bitc.edu.in,CSE,2,8fe958eb-8377-4fd7-ac0e-65ab86352d4d,CSE-2-A,+915267233333,"H.No. 63, Lad Zila
Raurkela Industrial Township 161071",2002-04-27,2024,3,8.74
b4b6fac5-dbcc-40b0-881d-9da02d022d06,BITC20240017,2024CSE017,Warinder,Sarin,student17@bitc.edu.in,CSE,2,8fe958eb-8377-4fd7-ac0e-65ab86352d4d,CSE-2-A,+916734075997,"H.No. 86, Narayan Zila, Rohtak 296702",2002-09-09,2024,3,7.79
f1ed88bb-0f80-41f4-a2a3-341408934df7,BITC20240018,2024CSE018,Kai,Prashad,student18@bitc.edu.in,CSE,2,8fe958eb-8377-4fd7-ac0e-65ab86352d4d,CSE-2-A,3306663775,"H.No. 080, Lalla Nagar, Rewa-511864",2001-10-15,2024,3,8.25
40c094be-f51d-4152-82b8-26349ff5c9c9,BITC20240019,2024CSE019,Pranav,Ravi,student19@bitc.edu.in,CSE,2,8fe958eb-8377-4fd7-ac0e-65ab86352d4d,CSE-2-A,03484485648,"H.No. 676
Tandon Ganj
Kozhikode 897324",2005-02-11,2024,3,7.59
4ab65ab4-900b-4c1c-9e6f-ab3d8b955ed5,BITC20240020,2024CSE020,Balveer,Dada,student20@bitc.edu.in,CSE,2,8fe958eb-8377-4fd7-ac0e-65ab86352d4d,CSE-2-A,+910270087426,"94/869
Tandon, Surendranagar Dudhrej 671967",2003-05-07,2024,3,9.49
ce6b3028-cb6d-4fc2-9a23-4fecbe4aa151,BITC20240021,2024CSE021,Gunbir,Saini,student21@bitc.edu.in,CSE,2,8fe958eb-8377-4fd7-ac0e-65ab86352d4d,CSE-2-A,+913714106589,"H.No. 86
Sama Ganj
Amritsar 516022",2003-09-29,2024,3,6.91
4cbb48da-5d10-4831-9c56-59a5b44dbc49,BITC20240022,2024CSE022,Barkha,Mall,student22@bitc.edu.in,CSE,2,64fcba0c-ae35-4631-ae89-ddbb61123d55,CSE-2-B,0139888920,"60/869
Andra Path
Alappuzha 133455",2005-07-16,2024,3,7.98
8f1462bb-6cb6-4154-961c-06895e9a122c,BITC20240023,2024CSE023,Kevin,Sur,student23@bitc.edu.in,CSE,2,64fcba0c-ae35-4631-ae89-ddbb61123d55,CSE-2-B,8062843275,"H.No. 911, Parikh Path
Jorhat 089072",2004-01-15,2024,3,8.77
7d2cd491-3c25-4ef2-a8df-28562bd5d25e,BITC20240024,2024CSE024,Mason,Sarkar,student24@bitc.edu.in,CSE,2,64fcba0c-ae35-4631-ae89-ddbb61123d55,CSE-2-B,01378377035,"H.No. 225, Lata Marg, Malegaon-503159",2002-04-09,2024,3,9.08
4d135486-eb76-4e34-a2b2-cdf7b00f3694,BITC20240025,2024CSE025,Vihaan,Balan,student25@bitc.edu.in,CSE,2,64fcba0c-ae35-4631-ae89-ddbb61123d55,CSE-2-B,+912330191479,"H.No. 44
Contractor Zila
Ongole-452287",2003-11-03,2024,3,6.96
8dc8d2ca-cde3-4c4d-bca4-0b9a2a3f0d4a,BITC20240026,2024CSE026,Yagnesh,Jhaveri,student26@bitc.edu.in,CSE,2,64fcba0c-ae35-4631-ae89-ddbb61123d55,CSE-2-B,8875107028,"29/20, Sha Chowk
Ajmer-009316",2007-01-12,2024,3,6.98
ce34f161-6b3f-4049-a5ed-e229142bad1c,BITC20240027,2024CSE027,Lila,Grover,student27@bitc.edu.in,CSE,2,64fcba0c-ae35-4631-ae89-ddbb61123d55,CSE-2-B,03711070344,"14/22
Ramesh Ganj, Tirunelveli-295474",2002-06-10,2024,3,8.54
ffe2f93f-fd75-485b-80ae-613347cbc9b5,BITC20240028,2024CSE028,Laban,Mistry,student28@bitc.edu.in,CSE,2,64fcba0c-ae35-4631-ae89-ddbb61123d55,CSE-2-B,+912993067992,"H.No. 74, Dey Marg, Kumbakonam 142321",2004-05-15,2024,3,8.29
40bd2d54-8fa3-4461-b159-3dd6595931dc,BITC20230029,2023CSE029,Hemani,Narayanan,student29@bitc.edu.in,CSE,3,b0ae6b39-8396-410d-bad7-fe59c09dc52f,CSE-3-A,1234032486,"647, De Zila
Srikakulam-744137",2006-08-22,2023,5,7.65
fec23a15-db0b-4f18-8db0-8420c38d1a49,BITC20230030,2023CSE030,Wahab,Dhingra,student30@bitc.edu.in,CSE,3,b0ae6b39-8396-410d-bad7-fe59c09dc52f,CSE-3-A,4769991322,"373
Chanda Ganj, Gandhidham 369598",2004-02-29,2023,5,8.29
5f28568e-abe3-425d-a6de-42e45d3dd2cd,BITC20230031,2023CSE031,Isaiah,Sastry,student31@bitc.edu.in,CSE,3,b0ae6b39-8396-410d-bad7-fe59c09dc52f,CSE-3-A,8937031336,"63/579, Setty
Vijayanagaram-278143",2003-07-25,2023,5,7.9
1ff0cc18-8c32-49d6-bfa7-c866cc5241ef,BITC20230032,2023CSE032,Falak,Dass,student32@bitc.edu.in,CSE,3,b0ae6b39-8396-410d-bad7-fe59c09dc52f,CSE-3-A,9637486733,"67/54
Verma Circle, Nangloi Jat 968234",2004-04-22,2023,5,7.25
b44195d7-1765-41a9-800d-a0b8ed769207,BITC20230033,2023CSE033,Darsh,Prasad,student33@bitc.edu.in,CSE,3,b0ae6b39-8396-410d-bad7-fe59c09dc52f,CSE-3-A,2671475989,"69/829
Mand Nagar
Kota 357013",2003-12-07,2023,5,8.16
0d182344-b20d-43cf-a9d6-b23861738afd,BITC20230034,2023CSE034,Madhavi,Karan,student34@bitc.edu.in,CSE,3,b0ae6b39-8396-410d-bad7-fe59c09dc52f,CSE-3-A,+917649154046,"H.No. 81
Cherian Street
Ambarnath 635868",2003-09-05,2023,5,9.33
7cd92b0f-39f3-416d-9948-268003e95139,BITC20230035,2023CSE035,Odika,Gill,student35@bitc.edu.in,CSE,3,b0ae6b39-8396-410d-bad7-fe59c09dc52f,CSE-3-A,04861393475,"36
Om
Bellary-092632",2002-02-24,2023,5,8.54
30bc9ed8-ad1b-476d-9b8c-0ff3cc9a8708,BITC20230036,2023CSE036,Raghav,Kalla,student36@bitc.edu.in,CSE,3,02a24726-8c46-4f92-909a-d4939674bd9b,CSE-3-B,03668534962,"133, Pai Road
Ajmer-135419",2003-05-06,2023,5,6.84
ab6d64fb-7269-4aef-a967-ce2edc6e08f9,BITC20230037,2023CSE037,Pavani,Patil,student37@bitc.edu.in,CSE,3,02a24726-8c46-4f92-909a-d4939674bd9b,CSE-3-B,+911895361596,"44
Zachariah Road
Ambala-637827",2004-09-11,2023,5,9.15
1fea5f55-741e-4171-8c53-9e0b4f3dab7d,BITC20230038,2023CSE038,Edhitha,Wable,student38@bitc.edu.in,CSE,3,02a24726-8c46-4f92-909a-d4939674bd9b,CSE-3-B,6885233887,"39/981
Ray Street, Amravati 149968",2005-07-25,2023,5,8.75
bdd9b359-a1cd-485e-aee7-92c664168eb4,BITC20230039,2023CSE039,Chavvi,Chana,student39@bitc.edu.in,CSE,3,02a24726-8c46-4f92-909a-d4939674bd9b,CSE-3-B,+911928587908,"H.No. 70, Bhasin Ganj
Srikakulam 621400",2005-06-09,2023,5,8.81
39c05a50-206c-47ce-b334-3ace0a79149c,BITC20230040,2023CSE040,Dhruv,Bahri,student40@bitc.edu.in,CSE,3,02a24726-8c46-4f92-909a-d4939674bd9b,CSE-3-B,5550222180,"576, Sankaran Nagar, New Delhi-785836",2003-04-17,2023,5,7.52
e76d9ae1-bbb3-4042-a6ee-35434a2aad1e,BITC20230041,2023CSE041,Imaran,Chanda,student41@bitc.edu.in,CSE,3,02a24726-8c46-4f92-909a-d4939674bd9b,CSE-3-B,+919602798847,"497
Chaudhuri Road
Kanpur-423675",2002-07-15,2023,5,7.38
84251b43-37af-4e8c-a556-939807447e9a,BITC20230042,2023CSE042,Yashawini,Chana,student42@bitc.edu.in,CSE,3,02a24726-8c46-4f92-909a-d4939674bd9b,CSE-3-B,+913196917864,"82/617, Deol Marg
Haridwar-360974",2007-02-15,2023,5,6.97
a854ab98-ef4d-4dac-b9cd-0a7a95b437ae,BITC20220043,2022CSE043,Liam,Nagi,student43@bitc.edu.in,CSE,4,748ccfa3-0427-4694-b09a-1212ab533d1f,CSE-4-A,+910244639471,"H.No. 16, Modi Ganj, Cuttack 987043",2006-07-09,2022,7,6.51
beccfeb4-dec3-45ad-9a37-ff766e6fdde5,BITC20220044,2022CSE044,Shivansh,Kuruvilla,student44@bitc.edu.in,CSE,4,748ccfa3-0427-4694-b09a-1212ab533d1f,CSE-4-A,+915062875964,"983, Dixit
Kanpur 445589",2002-02-02,2022,7,8.67
82d1a897-0aa0-44a6-8605-be2f9b8f1711,BITC20220045,2022CSE045,Darika,Mohan,student45@bitc.edu.in,CSE,4,748ccfa3-0427-4694-b09a-1212ab533d1f,CSE-4-A,02048020312,"H.No. 473, Rama Marg, Panvel 756081",2003-06-21,2022,7,8.66
2888da7c-b0af-48e6-a939-1742eb976a80,BITC20220046,2022CSE046,Anya,Sandal,student46@bitc.edu.in,CSE,4,748ccfa3-0427-4694-b09a-1212ab533d1f,CSE-4-A,08806813753,"149, Sodhi Street
Nanded-925537",2002-05-03,2022,7,9.42
e1a60a9b-2773-44da-a00f-c33861df5b32,BITC20220047,2022CSE047,Balendra,Ray,student47@bitc.edu.in,CSE,4,748ccfa3-0427-4694-b09a-1212ab533d1f,CSE-4-A,+915655766874,"06/510, Tank Nagar
Gorakhpur 848025",2006-12-05,2022,7,8.79
558c9eb8-2250-4755-a18c-0de89783d98f,BITC20220048,2022CSE048,Pushti,Wable,student48@bitc.edu.in,CSE,4,748ccfa3-0427-4694-b09a-1212ab533d1f,CSE-4-A,+912261829118,"H.No. 552
Chhabra Marg, Bhimavaram-017885",2006-10-27,2022,7,8.02
e10c0a8c-3617-4446-96cf-2e870b4a1623,BITC20220049,2022CSE049,Naksh,Savant,student49@bitc.edu.in,CSE,4,748ccfa3-0427-4694-b09a-1212ab533d1f,CSE-4-A,3136178458,"H.No. 49
Nair Road, Uluberia-946275",2004-08-02,2022,7,6.82
2d939db8-771e-4461-9438-51328c40cd2b,BITC20220050,2022CSE050,Darsh,Bahri,student50@bitc.edu.in,CSE,4,748ccfa3-0427-4694-b09a-1212ab533d1f,CSE-4-A,+910128641172,"H.No. 194, Sidhu Marg, Jodhpur 774729",2007-02-11,2022,7,8.38
65f8f774-f603-4575-b39b-de0a32279e7e,BITC20220051,2022CSE051,Urvashi,Gera,student51@bitc.edu.in,CSE,4,748ccfa3-0427-4694-b09a-1212ab533d1f,CSE-4-A,9764121055,"H.No. 853, Chokshi
Morbi-969419",2004-09-27,2022,7,9.03
5718a24c-aef6-4c3f-b816-023ad9905d28,BITC20220052,2022CSE052,Joshua,Barad,student52@bitc.edu.in,CSE,4,748ccfa3-0427-4694-b09a-1212ab533d1f,CSE-4-A,6853263652,"26/54
Sastry Zila, Farrukhabad-018366",2005-03-26,2022,7,8.02
ceb7dd3b-6575-435e-a208-7903db83293e,BITC20220053,2022CSE053,Jai,Gola,student53@bitc.edu.in,CSE,4,748ccfa3-0427-4694-b09a-1212ab533d1f,CSE-4-A,7969887292,"04, Palan Road
Ichalkaranji 208404",2007-01-20,2022,7,7.1
0c4ea9a9-1d75-40e0-bdf6-e0df521bb9c8,BITC20220054,2022CSE054,Gayathri,Ranganathan,student54@bitc.edu.in,CSE,4,748ccfa3-0427-4694-b09a-1212ab533d1f,CSE-4-A,6166840091,"22/393
Sachdev Nagar
Bhagalpur-247090",2007-07-06,2022,7,7.62
d6345ee5-6503-4a5b-bc02-39ce8bfe8266,BITC20220055,2022CSE055,Neha,Gill,student55@bitc.edu.in,CSE,4,748ccfa3-0427-4694-b09a-1212ab533d1f,CSE-4-A,9779756713,"40/93
Peri Circle, Srinagar-115188",2007-06-04,2022,7,6.98
3da323b5-707a-445f-9abf-5274ad78b685,BITC20250056,2025ME056,Bachittar,D’Alia,student56@bitc.edu.in,ME,1,b58160b9-f082-4821-ba13-6b64b0f10fc6,ME-1-A,03711262980,"925
Pant Ganj, Cuttack-195896",2004-03-21,2025,1,9.36
c771d73c-f41e-4230-b422-ffddd5760352,BITC20250057,2025ME057,Sudiksha,Nigam,student57@bitc.edu.in,ME,1,b58160b9-f082-4821-ba13-6b64b0f10fc6,ME-1-A,+912790520193,"H.No. 18
Mohan Street, Raurkela Industrial Township-525845",2005-03-10,2025,1,9.27
948be8bb-9225-4e55-8fa0-bab5bdb3b091,BITC20250058,2025ME058,Urishilla,Sandhu,student58@bitc.edu.in,ME,1,b58160b9-f082-4821-ba13-6b64b0f10fc6,ME-1-A,04400708853,"06/49
Kaur Ganj
Pallavaram 362268",2004-05-28,2025,1,9.26
9872af4e-ff07-4cf5-baa8-6dd8485b3b46,BITC20250059,2025ME059,Diya,Seshadri,student59@bitc.edu.in,ME,1,b58160b9-f082-4821-ba13-6b64b0f10fc6,ME-1-A,4802756133,"094, Nanda Ganj, Tenali-414350",2004-01-27,2025,1,8.3
ec84de51-d164-417c-b67f-adb69be3c1e7,BITC20250060,2025ME060,Riya,Buch,student60@bitc.edu.in,ME,1,b58160b9-f082-4821-ba13-6b64b0f10fc6,ME-1-A,+915348215334,"15/081, Mall Path, Pudukkottai 733626",2003-12-20,2025,1,7.97
b303ec59-feed-410d-b8a5-c7f67d70a54d,BITC20250061,2025ME061,Jack,Kakar,student61@bitc.edu.in,ME,1,b58160b9-f082-4821-ba13-6b64b0f10fc6,ME-1-A,1680617802,"27/82, Dubey Ganj
Bellary-498906",2005-08-03,2025,1,6.84
02411a6f-418e-4f95-8a15-5576a83c5584,BITC20250062,2025ME062,Rachit,Chokshi,student62@bitc.edu.in,ME,1,b58160b9-f082-4821-ba13-6b64b0f10fc6,ME-1-A,08087290576,"955
Deshpande, Kolkata 776664",2007-04-25,2025,1,7.59
8c0d6a70-6287-447c-97e5-318e953d2fbb,BITC20250063,2025ME063,Nihal,Grover,student63@bitc.edu.in,ME,1,09b26c84-b2c1-45cf-8cba-a69cf72d7893,ME-1-B,1445007883,"H.No. 10
Gokhale
Raipur-756106",2005-11-21,2025,1,9.46
cddb6f88-601b-4e8f-a298-b801b1a29d07,BITC20250064,2025ME064,Gautami,Jaggi,student64@bitc.edu.in,ME,1,09b26c84-b2c1-45cf-8cba-a69cf72d7893,ME-1-B,06614166895,"41, Shere Circle, Akola-530155",2002-07-20,2025,1,8.92
278c5d43-536f-4fbd-a446-409d45bd3ddc,BITC20250065,2025ME065,Pranav,Jayaraman,student65@bitc.edu.in,ME,1,09b26c84-b2c1-45cf-8cba-a69cf72d7893,ME-1-B,08543053541,"630
Bhatti Ganj
Jaunpur 339820",2002-06-11,2025,1,7.22
df157abd-b3f5-4014-9015-c3f8dd450dee,BITC20250066,2025ME066,Qasim,Saha,student66@bitc.edu.in,ME,1,09b26c84-b2c1-45cf-8cba-a69cf72d7893,ME-1-B,+916542778088,"35/49, Seth Circle
Proddatur 215080",2006-11-07,2025,1,7.22
acd5000f-c3e4-4e31-afae-9a0a9a4caa17,BITC20250067,2025ME067,Jairaj,Bala,student67@bitc.edu.in,ME,1,09b26c84-b2c1-45cf-8cba-a69cf72d7893,ME-1-B,+918278454597,"28/99, Dhawan Road
Haldia-491352",2005-01-10,2025,1,8.2
79166d68-3ff7-42b1-b0c1-1d5b32c9e253,BITC20250068,2025ME068,Rajata,Tara,student68@bitc.edu.in,ME,1,09b26c84-b2c1-45cf-8cba-a69cf72d7893,ME-1-B,06383099040,"02
Krishnan Street
Burhanpur 784150",2004-10-19,2025,1,6.74
52aa98a3-2ec7-499e-861d-dfd3ed76752a,BITC20240069,2024ME069,Darsh,Dayal,student69@bitc.edu.in,ME,2,ad14d021-9a40-488b-a194-2f250d466d46,ME-2-A,4652337873,"09/282, Deshpande Marg, Munger-345169",2005-09-29,2024,3,8.7
fe8a9717-f6bb-4029-80c1-6803ce2bf45c,BITC20240070,2024ME070,Ojasvi,Bhalla,student70@bitc.edu.in,ME,2,ad14d021-9a40-488b-a194-2f250d466d46,ME-2-A,3651588988,"H.No. 47
Nadkarni Circle
Tinsukia-525056",2007-07-19,2024,3,8.95
632e6950-7805-4e5e-bfb8-5a28dc61d72a,BITC20240071,2024ME071,Kalpit,Arya,student71@bitc.edu.in,ME,2,ad14d021-9a40-488b-a194-2f250d466d46,ME-2-A,07634106861,"57, Arora Marg, Kanpur-042267",2004-08-29,2024,3,9.43
8f8c0689-5983-4301-895f-6d3ea6c9932f,BITC20240072,2024ME072,Ansh,Bala,student72@bitc.edu.in,ME,2,ad14d021-9a40-488b-a194-2f250d466d46,ME-2-A,4337869127,"413, Salvi Circle, Chandrapur-914129",2006-10-19,2024,3,8.1
e7ba5675-feb8-49c2-958f-22ef8d0b87c3,BITC20240073,2024ME073,Qadim,Borah,student73@bitc.edu.in,ME,2,ad14d021-9a40-488b-a194-2f250d466d46,ME-2-A,+914480730086,"43
Merchant Nagar, Tiruvottiyur 173282",2007-01-31,2024,3,6.88
0d76afe0-ae7d-41a2-af1a-b87365033c66,BITC20240074,2024ME074,Avi,Das,student74@bitc.edu.in,ME,2,ad14d021-9a40-488b-a194-2f250d466d46,ME-2-A,2341162391,"H.No. 305
Sachdeva Street, Moradabad 677668",2005-02-28,2024,3,8.48
dcdd9cfe-dece-4e3b-94a6-e7f667ed868e,BITC20240075,2024ME075,Adweta,Ahluwalia,student75@bitc.edu.in,ME,2,ad14d021-9a40-488b-a194-2f250d466d46,ME-2-A,1266394892,"14/985, Raval Marg
Noida 674205",2003-07-14,2024,3,9.34
2e8a2b85-40e8-4a1e-8317-ece0fdbf520b,BITC20240076,2024ME076,Ekaja,Loke,student76@bitc.edu.in,ME,2,b4b60cde-1c38-47c3-831b-b0e70971db11,ME-2-B,3098959606,"526
Ray Road, Hospet 470919",2002-11-26,2024,3,7.0
b8e15355-9f1d-4c41-946e-8fc1fd8397a6,BITC20240077,2024ME077,Hemani,Walla,student77@bitc.edu.in,ME,2,b4b60cde-1c38-47c3-831b-b0e70971db11,ME-2-B,3810232095,"H.No. 621
Gala Nagar
Jammu-608764",2006-02-18,2024,3,8.08
383e7a36-7da4-42bd-abba-282b7d02e37c,BITC20240078,2024ME078,Girik,Yogi,student78@bitc.edu.in,ME,2,b4b60cde-1c38-47c3-831b-b0e70971db11,ME-2-B,2483173072,"88/02
Kota Marg
Bhatpara 295400",2004-03-05,2024,3,8.32
ede5cb2e-f68d-462d-9007-f85bd8046923,BITC20240079,2024ME079,Zansi,Yohannan,student79@bitc.edu.in,ME,2,b4b60cde-1c38-47c3-831b-b0e70971db11,ME-2-B,+913429874313,"89/146, Sur Chowk
Dewas 174179",2005-06-17,2024,3,9.39
c623aba9-893f-4612-ad46-dc4a8246942c,BITC20240080,2024ME080,Agastya,Batra,student80@bitc.edu.in,ME,2,b4b60cde-1c38-47c3-831b-b0e70971db11,ME-2-B,05732013376,"20, Zacharia Nagar
Jamalpur 042245",2007-02-15,2024,3,9.29
5d83cc8e-383c-4763-a0d8-3d6e1618fa77,BITC20240081,2024ME081,Chaman,Chad,student81@bitc.edu.in,ME,2,b4b60cde-1c38-47c3-831b-b0e70971db11,ME-2-B,01365810066,"H.No. 160
Kara Marg
Belgaum-190445",2003-08-14,2024,3,8.77
ae3db131-670f-430e-90b3-5f0133a4260d,BITC20230082,2023ME082,Akshay,Chada,student82@bitc.edu.in,ME,3,f38c9e7f-1fcc-41b0-9251-f6aa97899002,ME-3-A,6673536402,"74/63, Narang Path
Guntakal-884075",2005-07-31,2023,5,8.57
a9ac4c7d-dfdd-4145-a473-079a2d5fedc4,BITC20230083,2023ME083,Yug,Virk,student83@bitc.edu.in,ME,3,f38c9e7f-1fcc-41b0-9251-f6aa97899002,ME-3-A,+910798526474,"H.No. 812
Master Path
Haridwar-595575",2004-04-29,2023,5,8.64
a8d788be-a381-4bed-a6b0-bd7c20f98b29,BITC20230084,2023ME084,Bhavika,Ahluwalia,student84@bitc.edu.in,ME,3,f38c9e7f-1fcc-41b0-9251-f6aa97899002,ME-3-A,+917962970108,"H.No. 248
Rajan Street
Rajahmundry-120116",2004-12-06,2023,5,7.7
26fe77c2-5bfd-4006-8d47-8cc554d97ce6,BITC20230085,2023ME085,Michael,Om,student85@bitc.edu.in,ME,3,f38c9e7f-1fcc-41b0-9251-f6aa97899002,ME-3-A,5933495546,"85/490, Nadig Ganj, Rajahmundry-183685",2005-03-26,2023,5,8.52
aee4b8ff-e962-49ec-86e7-65b245315ac1,BITC20230086,2023ME086,Chaman,Oza,student86@bitc.edu.in,ME,3,f38c9e7f-1fcc-41b0-9251-f6aa97899002,ME-3-A,3460510749,"233, Uppal Marg
Nashik-025937",2004-12-24,2023,5,7.62
5b6b4240-deda-4c8e-9e78-45a26d67a4d8,BITC20230087,2023ME087,Neha,Bali,student87@bitc.edu.in,ME,3,f38c9e7f-1fcc-41b0-9251-f6aa97899002,ME-3-A,08651034996,"55/20
Soni Zila, Darbhanga-676073",2006-02-14,2023,5,9.2
3e7443da-d531-4523-a1d2-ed0c92f44e8f,BITC20230088,2023ME088,Faras,Bhatti,student88@bitc.edu.in,ME,3,c7d9416d-d4e9-4f43-b441-951bc4664ba0,ME-3-B,+910148948387,"H.No. 191, Vyas Chowk, Vijayanagaram 888317",2002-02-20,2023,5,7.85
df790a08-4229-449c-885f-4a881fc61260,BITC20230089,2023ME089,Sanya,Chowdhury,student89@bitc.edu.in,ME,3,c7d9416d-d4e9-4f43-b441-951bc4664ba0,ME-3-B,+912187115809,"H.No. 724, Chacko, Kollam 346311",2002-05-03,2023,5,7.24
380b9a2b-3cdf-4f06-86d2-083230910889,BITC20230090,2023ME090,Dev,Sachdeva,student90@bitc.edu.in,ME,3,c7d9416d-d4e9-4f43-b441-951bc4664ba0,ME-3-B,+914154094741,"62/05, Chada Ganj, Bilaspur 058501",2003-09-10,2023,5,6.69
2c6f26c5-add2-48d0-af76-5df35549ed0c,BITC20230091,2023ME091,Advaith,Chad,student91@bitc.edu.in,ME,3,c7d9416d-d4e9-4f43-b441-951bc4664ba0,ME-3-B,+917533016317,"80/69, Kaul Ganj, Ulhasnagar 310107",2003-07-16,2023,5,6.56
40a678b4-b7f8-4b25-baa6-0209e1680298,BITC20230092,2023ME092,Kai,Nazareth,student92@bitc.edu.in,ME,3,c7d9416d-d4e9-4f43-b441-951bc4664ba0,ME-3-B,06463842704,"H.No. 86
Chada Ganj
Dhanbad-924318",2004-11-13,2023,5,8.16
9bda9a4e-c689-4df3-b6ef-90c57fcb274a,BITC20230093,2023ME093,Sudiksha,Bir,student93@bitc.edu.in,ME,3,c7d9416d-d4e9-4f43-b441-951bc4664ba0,ME-3-B,02122537756,"431, Acharya Circle
Raurkela Industrial Township-431846",2005-09-12,2023,5,8.27
47ab3d4e-003b-4bce-8c3b-2df91b9bfdcb,BITC20220094,2022ME094,Lakshmi,Verma,student94@bitc.edu.in,ME,4,27bcb7b3-654d-4791-8a69-b949c9e2b04d,ME-4-A,09014386313,"H.No. 738
Suri Circle, Alwar 719385",2007-01-27,2022,7,6.52
f9d95cc3-c7f2-4596-9e8b-e5d62e7e154e,BITC20220095,2022ME095,Libni,Boase,student95@bitc.edu.in,ME,4,27bcb7b3-654d-4791-8a69-b949c9e2b04d,ME-4-A,01293816272,"H.No. 163
Palan Circle, Silchar 876211",2007-04-26,2022,7,8.62
d74dac16-e848-4150-963d-89ec4d3d9a5e,BITC20220096,2022ME096,Barkha,Issac,student96@bitc.edu.in,ME,4,27bcb7b3-654d-4791-8a69-b949c9e2b04d,ME-4-A,01992729366,"H.No. 266, Panchal Circle
Tiruppur-753910",2003-04-27,2022,7,6.68
80c118ae-c41e-4246-b92d-20ebd8717913,BITC20220097,2022ME097,Matthew,Nagi,student97@bitc.edu.in,ME,4,27bcb7b3-654d-4791-8a69-b949c9e2b04d,ME-4-A,+914152386392,"H.No. 33
Iyer Ganj
Katni-517566",2004-01-11,2022,7,6.7
773366e1-eb8d-4225-ac3f-c80b150babff,BITC20220098,2022ME098,Chandresh,Bava,student98@bitc.edu.in,ME,4,27bcb7b3-654d-4791-8a69-b949c9e2b04d,ME-4-A,+910272304840,"H.No. 88
Chahal Ganj, Gaya-824940",2007-01-24,2022,7,6.59
8989f51d-536d-4db7-ba33-abd92e1334e2,BITC20220099,2022ME099,Nitara,Kuruvilla,student99@bitc.edu.in,ME,4,27bcb7b3-654d-4791-8a69-b949c9e2b04d,ME-4-A,2311170634,"H.No. 15
Divan Ganj
Ahmedabad 626879",2007-01-27,2022,7,7.49
8e6daa9b-c28b-48ea-a733-631581081f4f,BITC20220100,2022ME100,Oeshi,Goda,student100@bitc.edu.in,ME,4,27bcb7b3-654d-4791-8a69-b949c9e2b04d,ME-4-A,3715127320,"H.No. 777, Sengupta Marg, Bharatpur-257397",2001-10-09,2022,7,8.04
98850c91-5a98-4d1a-b840-74697dbd9db0,BITC20220101,2022ME101,Hitesh,Babu,student101@bitc.edu.in,ME,4,27bcb7b3-654d-4791-8a69-b949c9e2b04d,ME-4-A,6263295120,"H.No. 70
Hayre Chowk, Unnao 929414",2006-04-08,2022,7,7.34
bcbd8144-326d-4b54-89ca-52271ce5a623,BITC20220102,2022ME102,Ekaraj,Bobal,student102@bitc.edu.in,ME,4,27bcb7b3-654d-4791-8a69-b949c9e2b04d,ME-4-A,05805899545,"03/471, Tank Nagar, Anand 945340",2006-11-07,2022,7,7.96
41e43c91-ce31-4aa1-8610-efd83ec749bd,BITC20220103,2022ME103,Ridhi,Dube,student103@bitc.edu.in,ME,4,27bcb7b3-654d-4791-8a69-b949c9e2b04d,ME-4-A,8927426228,"44/13, Rajan Circle, Bokaro-399221",2004-04-05,2022,7,8.12
08bf180a-4473-4285-b4da-fe8b2e50ff0b,BITC20220104,2022ME104,Falak,Issac,student104@bitc.edu.in,ME,4,27bcb7b3-654d-4791-8a69-b949c9e2b04d,ME-4-A,02384847398,"13
Hans Zila
Jaipur-558758",2002-07-13,2022,7,8.67
5f35070b-a782-4b82-ab77-fd419148b7b6,BITC20220105,2022ME105,Yadavi,Ahluwalia,student105@bitc.edu.in,ME,4,27bcb7b3-654d-4791-8a69-b949c9e2b04d,ME-4-A,1197088773,"H.No. 76, Bobal Road
Bahraich-705378",2006-07-02,2022,7,9.15
4c254b98-8cf1-4ed8-abe3-bf760d87b58c,BITC20250106,2025EE106,Noah,Sandal,student106@bitc.edu.in,EE,1,de5b0ccf-a595-44db-a23c-329f57e35e9f,EE-1-A,9761099625,"H.No. 91
Chanda Chowk, Raebareli 106884",2003-03-01,2025,1,8.23
6ed0bc0d-70c8-436e-b62e-e4d30dd9a528,BITC20250107,2025EE107,Wyatt,Sachdeva,student107@bitc.edu.in,EE,1,de5b0ccf-a595-44db-a23c-329f57e35e9f,EE-1-A,3763238357,"48/18, Kohli Path
Ajmer-667435",2003-06-14,2025,1,7.23
17bde259-5f68-484b-bbca-fa5508484639,BITC20250108,2025EE108,Harish,Balakrishnan,student108@bitc.edu.in,EE,1,de5b0ccf-a595-44db-a23c-329f57e35e9f,EE-1-A,0546542718,"H.No. 92
Devan Path
Morbi-063115",2005-10-27,2025,1,7.92
9026a8d2-ce86-47f5-8022-89420a5fe343,BITC20250109,2025EE109,Wakeeta,Uppal,student109@bitc.edu.in,EE,1,de5b0ccf-a595-44db-a23c-329f57e35e9f,EE-1-A,+913512542558,"42
Rege Zila, Jabalpur 893626",2005-03-19,2025,1,7.72
75d211fc-e9b2-4af7-90f1-2d75fcfca047,BITC20250110,2025EE110,Nakul,Lad,student110@bitc.edu.in,EE,1,de5b0ccf-a595-44db-a23c-329f57e35e9f,EE-1-A,00794245679,"H.No. 44
Sahni Chowk
Deoghar 434083",2005-02-02,2025,1,6.78
7ec23c9f-c0be-4dd0-9075-f52b302778e2,BITC20250111,2025EE111,Alka,Goel,student111@bitc.edu.in,EE,1,de5b0ccf-a595-44db-a23c-329f57e35e9f,EE-1-A,00497607152,"H.No. 679
Sethi Chowk
Mango-914193",2003-08-17,2025,1,8.48
ded62d37-4ca5-4f9b-ba91-6e847cd31fb0,BITC20250112,2025EE112,Ekta,Dhar,student112@bitc.edu.in,EE,1,91f8cf3b-adb3-4bb4-bab4-d76f5e5824de,EE-1-B,01135438197,"H.No. 985, Narain Path
Ujjain-084598",2006-08-20,2025,1,7.56
26e35e04-0630-4fed-89f4-2631d2a475c1,BITC20250113,2025EE113,Lila,Mistry,student113@bitc.edu.in,EE,1,91f8cf3b-adb3-4bb4-bab4-d76f5e5824de,EE-1-B,08016513264,"H.No. 54, Dash Street, Rajahmundry 799693",2007-06-26,2025,1,7.73
b5a7e027-4bb9-4c31-899d-26a69f7994dc,BITC20250114,2025EE114,Reyansh,Virk,student114@bitc.edu.in,EE,1,91f8cf3b-adb3-4bb4-bab4-d76f5e5824de,EE-1-B,00125922288,"39/933, Narasimhan Street
Rajpur Sonarpur 069594",2003-10-29,2025,1,9.09
237147f3-efef-4785-ad11-d40e8da0138f,BITC20250115,2025EE115,Hamsini,Dara,student115@bitc.edu.in,EE,1,91f8cf3b-adb3-4bb4-bab4-d76f5e5824de,EE-1-B,+918189558443,"86
Palan Chowk, Ranchi 952200",2004-07-10,2025,1,6.66
052aa8c9-8662-459b-8bd9-d2d72775e0d3,BITC20250116,2025EE116,Leena,Vora,student116@bitc.edu.in,EE,1,91f8cf3b-adb3-4bb4-bab4-d76f5e5824de,EE-1-B,7273380485,"H.No. 44
Chand Marg
Satara 451295",2005-12-23,2025,1,8.46
291cb916-be3d-472a-85ea-6a2ff9797d74,BITC20250117,2025EE117,Tristan,Bhalla,student117@bitc.edu.in,EE,1,91f8cf3b-adb3-4bb4-bab4-d76f5e5824de,EE-1-B,3977167028,"934, Ravi Ganj
Anantapur 798812",2002-05-03,2025,1,8.44
febe85e9-7f5d-47a6-8326-173fb2e12ee5,BITC20240118,2024EE118,Charvi,Sridhar,student118@bitc.edu.in,EE,2,5047d652-ab6b-4572-a5eb-2db5d56fb78a,EE-2-A,00125596146,"859
Karnik Path, Munger 294675",2006-02-20,2024,3,6.68
9460e7ea-a874-4677-8c39-9799c1e5af53,BITC20240119,2024EE119,Neel,Chandra,student119@bitc.edu.in,EE,2,5047d652-ab6b-4572-a5eb-2db5d56fb78a,EE-2-A,00523571532,"259
Bobal Road, Ongole-875568",2005-05-25,2024,3,8.68
c40a5ef5-b5e3-48b2-952d-0da29d50bdac,BITC20240120,2024EE120,Kamala,D’Alia,student120@bitc.edu.in,EE,2,5047d652-ab6b-4572-a5eb-2db5d56fb78a,EE-2-A,01715752449,"20, Jha Nagar, Serampore 386170",2006-11-07,2024,3,8.9
7041c87e-327a-4ffd-a614-d7188944d0aa,BITC20240121,2024EE121,Umang,Sane,student121@bitc.edu.in,EE,2,5047d652-ab6b-4572-a5eb-2db5d56fb78a,EE-2-A,+912805226854,"H.No. 629, Bhatia Circle, Thoothukudi-486131",2003-05-08,2024,3,6.83
fb01e3df-9329-4ad7-b17e-3c1806c9c741,BITC20240122,2024EE122,Abdul,Solanki,student122@bitc.edu.in,EE,2,5047d652-ab6b-4572-a5eb-2db5d56fb78a,EE-2-A,00235532504,"652, Pal Chowk
Kurnool-273538",2005-12-04,2024,3,7.07
9cf8d1f0-25ac-4d11-a1b8-ec6fe88f38e9,BITC20240123,2024EE123,Hiral,Loyal,student123@bitc.edu.in,EE,2,5047d652-ab6b-4572-a5eb-2db5d56fb78a,EE-2-A,5036082766,"65/12, Mall Street
Deoghar 095833",2005-11-19,2024,3,8.11
d7deb3d8-f9ab-4019-b308-7cf63f8850bd,BITC20240124,2024EE124,Chanchal,Krishnamurthy,student124@bitc.edu.in,EE,2,c343d459-c8a4-4db2-829f-9e9030bec4b8,EE-2-B,06400920965,"60, Khosla, Kharagpur 268701",2006-02-24,2024,3,6.92
6a5736f5-9dec-496d-b87f-b8691dc44a20,BITC20240125,2024EE125,Eshana,Acharya,student125@bitc.edu.in,EE,2,c343d459-c8a4-4db2-829f-9e9030bec4b8,EE-2-B,+917174260533,"03/67
Jayaraman
Amaravati 061694",2006-03-26,2024,3,7.05
b7aaf0bc-582c-4c08-beeb-120c1f2897cf,BITC20240126,2024EE126,Urmi,Jayaraman,student126@bitc.edu.in,EE,2,c343d459-c8a4-4db2-829f-9e9030bec4b8,EE-2-B,09151240777,"26
Sami Circle, Ambala 906976",2006-07-30,2024,3,7.89
53e1084f-4cff-4728-84dc-1ad78dd219bc,BITC20240127,2024EE127,Quincy,Nagi,student127@bitc.edu.in,EE,2,c343d459-c8a4-4db2-829f-9e9030bec4b8,EE-2-B,09284581689,"573, Jhaveri Road, Srikakulam 289137",2006-05-17,2024,3,9.12
124a617e-366b-46d6-abfb-ee7d185f7d73,BITC20240128,2024EE128,Netra,Srivastava,student128@bitc.edu.in,EE,2,c343d459-c8a4-4db2-829f-9e9030bec4b8,EE-2-B,4721770584,"785, Mishra Marg
Dindigul-442684",2004-09-18,2024,3,6.73
290673a2-eaab-4439-a109-c1fddf9d7f80,BITC20240129,2024EE129,Forum,Bhatia,student129@bitc.edu.in,EE,2,c343d459-c8a4-4db2-829f-9e9030bec4b8,EE-2-B,2408710981,"67/040, Majumdar Road
Hospet 996375",2003-10-03,2024,3,8.92
8c2ab45d-fb4d-48e4-ad85-85961f046c76,BITC20230130,2023EE130,Jacob,Mani,student130@bitc.edu.in,EE,3,738c3707-e7d6-4357-a068-e8eb8508d28f,EE-3-A,+916994593459,"H.No. 22
Narula Marg
Saharsa-264976",2003-05-21,2023,5,9.07
55e93468-9575-4cb4-9dd4-17ae91a3b40b,BITC20230131,2023EE131,Kabir,Venkatesh,student131@bitc.edu.in,EE,3,738c3707-e7d6-4357-a068-e8eb8508d28f,EE-3-A,7306194576,"682, Subramanian Street, Dewas-956187",2003-12-02,2023,5,6.79
76474ff9-d5ef-46c2-9a3c-103271514c4c,BITC20230132,2023EE132,Aishani,Shere,student132@bitc.edu.in,EE,3,738c3707-e7d6-4357-a068-e8eb8508d28f,EE-3-A,07453047542,"91
Uppal Path
Patiala-928892",2007-04-23,2023,5,8.46
b40f93b6-3df5-4cf9-a6ce-d0730ac062a4,BITC20230133,2023EE133,Sathvik,Mody,student133@bitc.edu.in,EE,3,738c3707-e7d6-4357-a068-e8eb8508d28f,EE-3-A,+911628270709,"478, Sawhney Path
Loni-921130",2004-01-19,2023,5,8.12
de1170ee-ba48-4491-adab-571fea34c1b6,BITC20230134,2023EE134,Raghav,Goyal,student134@bitc.edu.in,EE,3,738c3707-e7d6-4357-a068-e8eb8508d28f,EE-3-A,06199791119,"13
Bedi Circle, Bettiah-414767",2003-11-12,2023,5,6.54
060a6640-9bf7-4948-baf8-17b1c779aea0,BITC20230135,2023EE135,Bahadurjit,Badami,student135@bitc.edu.in,EE,3,738c3707-e7d6-4357-a068-e8eb8508d28f,EE-3-A,2662056664,"H.No. 875, Bhargava Marg, Bhimavaram 336310",2001-11-30,2023,5,6.78
a1b0c1f0-7e8f-49c1-9727-02ab5ed05858,BITC20230136,2023EE136,Aachal,Chaudhary,student136@bitc.edu.in,EE,3,a7ec8425-51ef-4e37-af92-fa9c229a30cc,EE-3-B,9723793532,"H.No. 48
Sridhar Marg, Hosur-621487",2003-04-09,2023,5,8.76
b6e030f7-b5db-4cf0-b601-40d7edeb9146,BITC20230137,2023EE137,Orinder,Bahri,student137@bitc.edu.in,EE,3,a7ec8425-51ef-4e37-af92-fa9c229a30cc,EE-3-B,+914849113848,"976
Verma Chowk
Gorakhpur 708026",2006-05-29,2023,5,7.21
1b5834c5-3d08-4492-9c4c-c07c8affa9d6,BITC20230138,2023EE138,Niharika,Prasad,student138@bitc.edu.in,EE,3,a7ec8425-51ef-4e37-af92-fa9c229a30cc,EE-3-B,+919830550964,"H.No. 16
Memon Ganj
Ramgarh 139379",2003-10-23,2023,5,7.72
7004b25f-7179-4b78-9eee-5dc8b2ff76f0,BITC20230139,2023EE139,Aachal,Roy,student139@bitc.edu.in,EE,3,a7ec8425-51ef-4e37-af92-fa9c229a30cc,EE-3-B,5657499883,"46/99, Sarin Ganj
Kumbakonam-797050",2005-02-07,2023,5,7.94
217583cd-4085-4c46-817f-a73fc30dc8bf,BITC20230140,2023EE140,Ishita,Badal,student140@bitc.edu.in,EE,3,a7ec8425-51ef-4e37-af92-fa9c229a30cc,EE-3-B,+917456847233,"H.No. 152
Sur Path
Tirupati-189116",2005-08-28,2023,5,9.09
db9effbf-635d-4919-9c64-00fbc5959aa3,BITC20220141,2022EE141,Januja,Pradhan,student141@bitc.edu.in,EE,4,f1443fd3-2d55-4189-8c46-67f6c0832497,EE-4-A,6153556892,"H.No. 559, Issac Nagar, Dewas-819598",2002-08-22,2022,7,9.21
b579abec-17c2-40ed-8d32-b3e95bdf586f,BITC20220142,2022EE142,Lohit,Kata,student142@bitc.edu.in,EE,4,f1443fd3-2d55-4189-8c46-67f6c0832497,EE-4-A,01619775180,"739
Dara Marg
Raipur 576992",2003-08-05,2022,7,6.99
74d85c18-76e6-4095-a604-979234a71777,BITC20220143,2022EE143,Madhav,Bhatia,student143@bitc.edu.in,EE,4,f1443fd3-2d55-4189-8c46-67f6c0832497,EE-4-A,+911104596432,"30/492, Dayal Marg, Faridabad-905966",2004-12-27,2022,7,6.51
130d6938-4ea5-4da4-ba7d-a3841469addb,BITC20220144,2022EE144,Neel,Khatri,student144@bitc.edu.in,EE,4,f1443fd3-2d55-4189-8c46-67f6c0832497,EE-4-A,1435324783,"287
Savant Road, Hazaribagh 556995",2006-05-17,2022,7,7.67
abb2864c-dc81-40c0-b632-264441705dd3,BITC20220145,2022EE145,Zayyan,Narain,student145@bitc.edu.in,EE,4,f1443fd3-2d55-4189-8c46-67f6c0832497,EE-4-A,+917695847579,"H.No. 688, Gola Street, Nangloi Jat 619605",2006-07-24,2022,7,9.28
e0b17316-fe67-472f-8b8c-ae8f30216710,BITC20220146,2022EE146,Tanay,Ramanathan,student146@bitc.edu.in,EE,4,f1443fd3-2d55-4189-8c46-67f6c0832497,EE-4-A,5823231905,"08/07
Bath Ganj, Udupi 961727",2002-03-23,2022,7,8.86
4728c60e-6643-4f5e-be46-0495f8aebc19,BITC20220147,2022EE147,Gabriel,Pau,student147@bitc.edu.in,EE,4,f1443fd3-2d55-4189-8c46-67f6c0832497,EE-4-A,02903381619,"H.No. 87
Varghese Path, Bhalswa Jahangir Pur-309396",2002-10-12,2022,7,7.36
0440de61-8a8d-4330-864a-0421f5282a56,BITC20220148,2022EE148,Bhavini,Vig,student148@bitc.edu.in,EE,4,f1443fd3-2d55-4189-8c46-67f6c0832497,EE-4-A,+918116196431,"90/04
Kara Street, Ballia 930754",2005-07-15,2022,7,8.59
c83794c9-4388-4bfc-9920-25a438815c12,BITC20220149,2022EE149,Jagdish,Varkey,student149@bitc.edu.in,EE,4,f1443fd3-2d55-4189-8c46-67f6c0832497,EE-4-A,05332379190,"05
Borra Road, Unnao-448732",2003-10-30,2022,7,8.69
3959357c-aca7-4298-8733-47083e73ba23,BITC20220150,2022EE150,Zehaan,Raval,student150@bitc.edu.in,EE,4,f1443fd3-2d55-4189-8c46-67f6c0832497,EE-4-A,+917079325425,"H.No. 813, Sachar, Kanpur 757031",2006-02-01,2022,7,8.85
